Day_Index,Predicted_Ridership
0.0,3298457.326530616
0.03266157053509382,3300347.9958995795
0.06532314107018763,3302238.665268543
0.09798471160528145,3304129.334637507
0.13064628214037527,3306020.0040064706
0.1633078526754691,3307910.6733754342
0.1959694232105629,3309801.342744398
0.2286309937456567,3311692.0121133616
0.26129256428075054,3313582.6814823253
0.29395413481584437,3315473.350851289
0.3266157053509382,3317364.0202202527
0.359277275886032,3319254.6895892164
0.3919388464211258,3321145.35895818
0.42460041695621964,3323036.028327144
0.4572619874913134,3324926.697696108
0.48992355802640725,3326817.3670650716
0.5225851285615011,3328708.0364340353
0.5552466990965949,3330598.705802999
0.5879082696316887,3332489.3751719627
0.6205698401667825,3334380.0445409263
0.6532314107018764,3336270.71390989
0.6858929812369702,3338161.3832788537
0.718554551772064,3340052.0526478174
0.7512161223071578,3341942.722016781
0.7838776928422516,3343833.391385745
0.8165392633773454,3345724.0607547085
0.8492008339124393,3347614.730123672
0.881862404447533,3349505.399492636
0.9145239749826268,3351396.0688615995
0.9471855455177207,3353286.7382305632
0.9798471160528145,3355177.407599527
1.0125086865879083,3357068.0769684906
1.0451702571230022,3358958.7463374543
1.077831827658096,3360849.415706418
1.1104933981931897,3362740.0850753817
1.1431549687282836,3364630.7544443454
1.1758165392633775,3366521.4238133095
1.2084781097984711,3368412.093182273
1.241139680333565,3370302.762551237
1.273801250868659,3372193.4319202006
1.3064628214037528,3374084.1012891643
1.3391243919388465,3375974.770658128
1.3717859624739404,3377865.4400270917
1.4044475330090342,3379756.1093960553
1.437109103544128,3381646.778765019
1.4697706740792218,3383537.4481339827
1.5024322446143157,3385428.1175029464
1.5350938151494093,3387318.78687191
1.5677553856845032,3389209.456240874
1.6004169562195971,3391100.1256098375
1.6330785267546908,3392990.794978801
1.6657400972897847,3394881.464347765
1.6984016678248786,3396772.1337167285
1.7310632383599722,3398662.803085692
1.763724808895066,3400553.472454656
1.79638637943016,3402444.1418236196
1.8290479499652537,3404334.8111925833
1.8617095205003475,3406225.480561547
1.8943710910354414,3408116.1499305107
1.9270326615705353,3410006.8192994744
1.959694232105629,3411897.488668438
1.9923558026407229,3413788.158037402
2.0250173731758165,3415678.827406366
2.0576789437109104,3417569.4967753296
2.0903405142460043,3419460.1661442933
2.123002084781098,3421350.835513257
2.155663655316192,3423241.5048822206
2.188325225851286,3425132.1742511843
2.2209867963863794,3427022.843620148
2.2536483669214733,3428913.5129891117
2.286309937456567,3430804.1823580754
2.318971507991661,3432694.851727039
2.351633078526755,3434585.521096003
2.384294649061849,3436476.1904649665
2.4169562195969423,3438366.85983393
2.449617790132036,3440257.529202894
2.48227936066713,3442148.1985718575
2.514940931202224,3444038.867940821
2.547602501737318,3445929.537309785
2.5802640722724117,3447820.2066787486
2.6129256428075056,3449710.8760477123
2.645587213342599,3451601.545416676
2.678248783877693,3453492.2147856397
2.710910354412787,3455382.8841546034
2.7435719249478807,3457273.5535235675
2.7762334954829746,3459164.222892531
2.8088950660180685,3461054.892261495
2.841556636553162,3462945.5616304586
2.874218207088256,3464836.2309994223
2.9068797776233497,3466726.900368386
2.9395413481584436,3468617.5697373496
2.9722029186935375,3470508.2391063133
3.0048644892286314,3472398.908475277
3.037526059763725,3474289.5778442407
3.0701876302988187,3476180.2472132044
3.1028492008339126,3478070.916582168
3.1355107713690065,3479961.585951132
3.1681723419041004,3481852.2553200955
3.2008339124391942,3483742.924689059
3.233495482974288,3485633.594058023
3.2661570535093816,3487524.2634269865
3.2988186240444755,3489414.93279595
3.3314801945795693,3491305.602164914
3.3641417651146632,3493196.2715338776
3.396803335649757,3495086.9409028413
3.429464906184851,3496977.610271805
3.4621264767199444,3498868.2796407687
3.4947880472550383,3500758.9490097323
3.527449617790132,3502649.618378696
3.560111188325226,3504540.28774766
3.59277275886032,3506430.957116624
3.625434329395414,3508321.6264855876
3.6580958999305073,3510212.2958545513
3.690757470465601,3512102.965223515
3.723419041000695,3513993.6345924786
3.756080611535789,3515884.3039614423
3.788742182070883,3517774.973330406
3.8214037526059768,3519665.6426993697
3.8540653231410706,3521556.3120683334
3.886726893676164,3523446.981437297
3.919388464211258,3525337.6508062608
3.952050034746352,3527228.3201752244
3.9847116052814457,3529118.989544188
4.017373175816539,3531009.658913152
4.050034746351633,3532900.3282821155
4.082696316886727,3534790.997651079
4.115357887421821,3536681.667020043
4.148019457956915,3538572.3363890066
4.180681028492009,3540463.0057579703
4.2133425990271025,3542353.675126934
4.246004169562196,3544244.3444958976
4.27866574009729,3546135.013864862
4.311327310632384,3548025.6832338255
4.343988881167478,3549916.352602789
4.376650451702572,3551807.021971753
4.409312022237665,3553697.6913407166
4.441973592772759,3555588.3607096802
4.474635163307853,3557479.030078644
4.507296733842947,3559369.6994476076
4.5399583043780405,3561260.3688165713
4.572619874913134,3563151.038185535
4.605281445448228,3565041.7075544987
4.637943015983322,3566932.3769234624
4.670604586518416,3568823.046292426
4.70326615705351,3570713.7156613898
4.735927727588604,3572604.3850303534
4.768589298123698,3574495.054399317
4.801250868658792,3576385.723768281
4.833912439193885,3578276.3931372445
4.8665740097289785,3580167.062506208
4.899235580264072,3582057.731875172
4.931897150799166,3583948.4012441356
4.96455872133426,3585839.0706130993
4.997220291869354,3587729.739982063
5.029881862404448,3589620.4093510266
5.062543432939542,3591511.0787199903
5.095205003474636,3593401.748088954
5.12786657400973,3595292.417457918
5.1605281445448234,3597183.086826882
5.193189715079917,3599073.7561958455
5.225851285615011,3600964.4255648092
5.258512856150104,3602855.094933773
5.291174426685198,3604745.7643027366
5.323835997220292,3606636.4336717003
5.356497567755386,3608527.103040664
5.38915913829048,3610417.7724096277
5.421820708825574,3612308.4417785914
5.4544822793606675,3614199.111147555
5.487143849895761,3616089.7805165187
5.519805420430855,3617980.4498854824
5.552466990965949,3619871.119254446
5.585128561501043,3621761.78862341
5.617790132036137,3623652.4579923735
5.65045170257123,3625543.127361337
5.683113273106324,3627433.796730301
5.715774843641418,3629324.4660992646
5.748436414176512,3631215.1354682283
5.7810979847116055,3633105.804837192
5.813759555246699,3634996.4742061556
5.846421125781793,3636887.14357512
5.879082696316887,3638777.8129440835
5.911744266851981,3640668.482313047
5.944405837387075,3642559.151682011
5.977067407922169,3644449.8210509745
6.009728978457263,3646340.490419938
6.042390548992357,3648231.159788902
6.07505211952745,3650121.8291578656
6.1077136900625435,3652012.4985268293
6.140375260597637,3653903.167895793
6.173036831132731,3655793.8372647567
6.205698401667825,3657684.5066337204
6.238359972202919,3659575.176002684
6.271021542738013,3661465.8453716477
6.303683113273107,3663356.5147406114
6.336344683808201,3665247.184109575
6.369006254343295,3667137.853478539
6.4016678248783885,3669028.5228475025
6.434329395413482,3670919.192216466
6.466990965948576,3672809.86158543
6.499652536483669,3674700.5309543936
6.532314107018763,3676591.2003233572
6.564975677553857,3678481.869692321
6.597637248088951,3680372.5390612846
6.630298818624045,3682263.2084302483
6.662960389159139,3684153.877799212
6.695621959694233,3686044.5471681757
6.7282835302293265,3687935.21653714
6.76094510076442,3689825.8859061035
6.793606671299514,3691716.555275067
6.826268241834608,3693607.224644031
6.858929812369702,3695497.8940129946
6.891591382904796,3697388.5633819583
6.924252953439889,3699279.232750922
6.956914523974983,3701169.9021198857
6.989576094510077,3703060.5714888494
7.0222376650451706,3704951.240857813
7.054899235580264,3706841.9102267767
7.087560806115358,3708732.5795957404
7.120222376650452,3710623.248964704
7.152883947185546,3712513.918333668
7.18554551772064,3714404.5877026315
7.218207088255734,3716295.257071595
7.250868658790828,3718185.926440559
7.283530229325922,3720076.5958095226
7.316191799861015,3721967.2651784862
7.3488533703961085,3723857.93454745
7.381514940931202,3725748.6039164136
7.414176511466296,3727639.273285378
7.44683808200139,3729529.9426543415
7.479499652536484,3731420.612023305
7.512161223071578,3733311.281392269
7.544822793606672,3735201.9507612325
7.577484364141766,3737092.620130196
7.61014593467686,3738983.28949916
7.6428075052119535,3740873.9588681236
7.675469075747047,3742764.6282370873
7.708130646282141,3744655.297606051
7.740792216817234,3746545.9669750147
7.773453787352328,3748436.6363439783
7.806115357887422,3750327.305712942
7.838776928422516,3752217.9750819057
7.87143849895761,3754108.6444508694
7.904100069492704,3755999.313819833
7.936761640027798,3757889.983188797
7.9694232105628915,3759780.6525577605
8.002084781097984,3761671.321926724
8.034746351633078,3763561.991295688
8.067407922168172,3765452.6606646515
8.100069492703266,3767343.330033615
8.13273106323836,3769233.999402579
8.165392633773454,3771124.6687715426
8.198054204308548,3773015.3381405063
8.230715774843642,3774906.00750947
8.263377345378736,3776796.6768784337
8.29603891591383,3778687.346247398
8.328700486448923,3780578.0156163615
8.361362056984017,3782468.684985325
8.394023627519111,3784359.354354289
8.426685198054205,3786250.0237232526
8.459346768589299,3788140.6930922163
8.492008339124393,3790031.36246118
8.524669909659487,3791922.0318301436
8.55733148019458,3793812.7011991073
8.589993050729674,3795703.370568071
8.622654621264768,3797594.0399370347
8.655316191799862,3799484.7093059984
8.687977762334956,3801375.378674962
8.72063933287005,3803266.048043926
8.753300903405144,3805156.7174128895
8.785962473940236,3807047.386781853
8.81862404447533,3808938.056150817
8.851285615010424,3810828.7255197805
8.883947185545518,3812719.394888744
8.916608756080612,3814610.064257708
8.949270326615705,3816500.7336266716
8.9819318971508,3818391.4029956353
9.014593467685893,3820282.0723645994
9.047255038220987,3822172.741733563
9.079916608756081,3824063.411102527
9.112578179291175,3825954.0804714905
9.145239749826269,3827844.749840454
9.177901320361363,3829735.419209418
9.210562890896457,3831626.0885783816
9.24322446143155,3833516.7579473453
9.275886031966644,3835407.427316309
9.308547602501738,3837298.0966852726
9.341209173036832,3839188.7660542363
9.373870743571926,3841079.4354232
9.40653231410702,3842970.1047921637
9.439193884642114,3844860.7741611274
9.471855455177208,3846751.443530091
9.504517025712302,3848642.112899055
9.537178596247395,3850532.7822680185
9.56984016678249,3852423.451636982
9.602501737317583,3854314.121005946
9.635163307852675,3856204.7903749095
9.66782487838777,3858095.459743873
9.700486448922863,3859986.129112837
9.733148019457957,3861876.7984818006
9.76580958999305,3863767.4678507643
9.798471160528145,3865658.137219728
9.831132731063239,3867548.8065886917
9.863794301598332,3869439.4759576553
9.896455872133426,3871330.145326619
9.92911744266852,3873220.814695583
9.961779013203614,3875111.484064547
9.994440583738708,3877002.1534335106
10.027102154273802,3878892.8228024743
10.059763724808896,3880783.492171438
10.09242529534399,3882674.1615404016
10.125086865879084,3884564.8309093653
10.157748436414177,3886455.500278329
10.190410006949271,3888346.1696472927
10.223071577484365,3890236.8390162564
10.25573314801946,3892127.50838522
10.288394718554553,3894018.1777541838
10.321056289089647,3895908.8471231475
10.35371785962474,3897799.516492111
10.386379430159835,3899690.185861075
10.419041000694929,3901580.855230039
10.451702571230022,3903471.5245990027
10.484364141765115,3905362.193967966
10.517025712300208,3907252.8633369296
10.549687282835302,3909143.5327058937
10.582348853370396,3911034.2020748574
10.61501042390549,3912924.871443821
10.647671994440584,3914815.540812785
10.680333564975678,3916706.2101817485
10.712995135510772,3918596.879550712
10.745656706045866,3920487.548919676
10.77831827658096,3922378.2182886396
10.810979847116053,3924268.8876576032
10.843641417651147,3926159.557026567
10.876302988186241,3928050.2263955306
10.908964558721335,3929940.8957644943
10.941626129256429,3931831.565133458
10.974287699791523,3933722.2345024217
11.006949270326617,3935612.9038713854
11.03961084086171,3937503.573240349
11.072272411396805,3939394.2426093128
11.104933981931898,3941284.9119782764
11.137595552466992,3943175.58134724
11.170257123002086,3945066.250716204
11.20291869353718,3946956.9200851675
11.235580264072274,3948847.589454131
11.268241834607368,3950738.258823095
11.30090340514246,3952628.9281920586
11.333564975677554,3954519.5975610223
11.366226546212648,3956410.266929986
11.398888116747742,3958300.9362989496
11.431549687282835,3960191.6056679133
11.46421125781793,3962082.275036877
11.496872828353023,3963972.944405841
11.529534398888117,3965863.613774805
11.562195969423211,3967754.2831437686
11.594857539958305,3969644.9525127322
11.627519110493399,3971535.621881696
11.660180681028493,3973426.2912506596
11.692842251563587,3975316.9606196233
11.72550382209868,3977207.629988587
11.758165392633774,3979098.2993575507
11.790826963168868,3980988.9687265144
11.823488533703962,3982879.638095478
11.856150104239056,3984770.3074644418
11.88881167477415,3986660.9768334054
11.921473245309244,3988551.646202369
11.954134815844338,3990442.315571333
11.986796386379432,3992332.984940297
12.019457956914525,3994223.6543092607
12.05211952744962,3996114.3236782243
12.084781097984713,3998004.993047188
12.117442668519807,3999895.6624161517
12.1501042390549,4001786.3317851154
12.182765809589993,4003677.001154079
12.215427380125087,4005567.670523043
12.24808895066018,4007458.3398920065
12.280750521195275,4009349.00926097
12.313412091730369,4011239.678629934
12.346073662265463,4013130.3479988975
12.378735232800556,4015021.0173678612
12.41139680333565,4016911.686736825
12.444058373870744,4018802.3561057886
12.476719944405838,4020693.0254747523
12.509381514940932,4022583.694843716
12.542043085476026,4024474.3642126797
12.57470465601112,4026365.0335816434
12.607366226546214,4028255.702950607
12.640027797081308,4030146.3723195707
12.672689367616401,4032037.0416885344
12.705350938151495,4033927.711057498
12.73801250868659,4035818.380426462
12.770674079221683,4037709.0497954255
12.803335649756777,4039599.719164389
12.83599722029187,4041490.388533353
12.868658790826965,4043381.0579023166
12.901320361362059,4045271.7272712803
12.933981931897153,4047162.3966402444
12.966643502432245,4049053.0660092076
12.999305072967339,4050943.7353781713
13.031966643502432,4052834.404747135
13.064628214037526,4054725.0741160987
13.09728978457262,4056615.743485063
13.129951355107714,4058506.4128540265
13.162612925642808,4060397.08222299
13.195274496177902,4062287.751591954
13.227936066712996,4064178.4209609176
13.26059763724809,4066069.0903298813
13.293259207783183,4067959.759698845
13.325920778318277,4069850.4290678087
13.358582348853371,4071741.0984367724
13.391243919388465,4073631.767805736
13.423905489923559,4075522.4371746997
13.456567060458653,4077413.1065436634
13.489228630993747,4079303.775912627
13.52189020152884,4081194.445281591
13.554551772063935,4083085.1146505545
13.587213342599028,4084975.7840195186
13.619874913134122,4086866.4533884823
13.652536483669216,4088757.122757446
13.68519805420431,4090647.7921264097
13.717859624739404,4092538.4614953734
13.750521195274498,4094429.130864337
13.783182765809592,4096319.800233301
13.815844336344684,4098210.4696022645
13.848505906879778,4100101.138971228
13.881167477414872,4101991.808340192
13.913829047949966,4103882.4777091555
13.94649061848506,4105773.147078119
13.979152189020153,4107663.816447083
14.011813759555247,4109554.4858160466
14.044475330090341,4111445.1551850103
14.077136900625435,4113335.824553974
14.109798471160529,4115226.4939229377
14.142460041695623,4117117.1632919014
14.175121612230717,4119007.832660865
14.20778318276581,4120898.5020298287
14.240444753300904,4122789.1713987924
14.273106323835998,4124679.840767756
14.305767894371092,4126570.51013672
14.338429464906186,4128461.1795056835
14.37109103544128,4130351.848874647
14.403752605976374,4132242.518243611
14.436414176511468,4134133.1876125745
14.469075747046562,4136023.8569815382
14.501737317581656,4137914.526350502
14.53439888811675,4139805.195719466
14.567060458651843,4141695.86508843
14.599722029186937,4143586.5344573935
14.63238359972203,4145477.2038263567
14.665045170257123,4147367.873195321
14.697706740792217,4149258.5425642845
14.730368311327311,4151149.211933248
14.763029881862405,4153039.881302212
14.795691452397499,4154930.5506711756
14.828353022932593,4156821.2200401393
14.861014593467686,4158711.889409103
14.89367616400278,4160602.5587780667
14.926337734537874,4162493.2281470303
14.958999305072968,4164383.897515994
14.991660875608062,4166274.5668849577
15.024322446143156,4168165.2362539214
15.05698401667825,4170055.905622885
15.089645587213344,4171946.574991849
15.122307157748438,4173837.2443608125
15.154968728283531,4175727.9137297766
15.187630298818625,4177618.5830987403
15.22029186935372,4179509.252467704
15.252953439888813,4181399.9218366677
15.285615010423907,4183290.5912056314
15.318276580959001,4185181.260574595
15.350938151494095,4187071.9299435588
15.383599722029189,4188962.5993125224
15.416261292564283,4190853.268681486
15.448922863099376,4192743.93805045
15.481584433634469,4194634.6074194135
15.514246004169562,4196525.276788377
15.546907574704656,4198415.946157341
15.57956914523975,4200306.615526305
15.612230715774844,4202197.284895268
15.644892286309938,4204087.954264232
15.677553856845032,4205978.623633196
15.710215427380126,4207869.293002159
15.74287699791522,4209759.962371123
15.775538568450314,4211650.631740087
15.808200138985407,4213541.30110905
15.840861709520501,4215431.970478014
15.873523280055595,4217322.639846978
15.906184850590689,4219213.3092159415
15.938846421125783,4221103.978584905
15.971507991660877,4222994.647953869
16.00416956219597,4224885.3173228325
16.036831132731063,4226775.986691796
16.069492703266157,4228666.65606076
16.10215427380125,4230557.325429724
16.134815844336345,4232447.994798687
16.16747741487144,4234338.664167651
16.200138985406532,4236229.333536615
16.232800555941626,4238120.002905578
16.26546212647672,4240010.672274542
16.298123697011814,4241901.341643506
16.330785267546908,4243792.011012469
16.363446838082,4245682.680381433
16.396108408617096,4247573.349750397
16.42876997915219,4249464.019119361
16.461431549687283,4251354.688488325
16.494093120222377,4253245.357857289
16.52675469075747,4255136.0272262525
16.559416261292565,4257026.696595216
16.59207783182766,4258917.36596418
16.624739402362753,4260808.035333144
16.657400972897847,4262698.704702107
16.69006254343294,4264589.374071071
16.722724113968034,4266480.043440035
16.75538568450313,4268370.712808998
16.788047255038222,4270261.382177962
16.820708825573316,4272152.051546926
16.85337039610841,4274042.720915889
16.886031966643504,4275933.390284853
16.918693537178598,4277824.059653817
16.95135510771369,4279714.72902278
16.984016678248786,4281605.398391744
17.01667824878388,4283496.067760708
17.049339819318973,4285386.7371296715
17.082001389854067,4287277.406498635
17.11466296038916,4289168.075867599
17.147324530924255,4291058.745236563
17.17998610145935,4292949.414605526
17.212647671994443,4294840.08397449
17.245309242529537,4296730.753343454
17.27797081306463,4298621.422712417
17.310632383599724,4300512.092081381
17.34329395413482,4302402.761450345
17.375955524669912,4304293.430819308
17.408617095205006,4306184.100188272
17.4412786657401,4308074.769557236
17.473940236275194,4309965.438926199
17.506601806810288,4311856.108295163
17.53926337734538,4313746.777664127
17.571924947880472,4315637.4470330905
17.604586518415566,4317528.116402054
17.63724808895066,4319418.785771018
17.669909659485754,4321309.455139982
17.702571230020848,4323200.124508945
17.73523280055594,4325090.793877909
17.767894371091035,4326981.463246873
17.80055594162613,4328872.132615836
17.833217512161223,4330762.8019848
17.865879082696317,4332653.471353764
17.89854065323141,4334544.140722727
17.931202223766505,4336434.810091691
17.9638637943016,4338325.479460655
17.996525364836693,4340216.1488296185
18.029186935371786,4342106.818198582
18.06184850590688,4343997.487567546
18.094510076441974,4345888.15693651
18.127171646977068,4347778.826305473
18.159833217512162,4349669.495674437
18.192494788047256,4351560.165043401
18.22515635858235,4353450.834412364
18.257817929117444,4355341.503781329
18.290479499652537,4357232.173150293
18.32314107018763,4359122.842519256
18.355802640722725,4361013.51188822
18.38846421125782,4362904.181257184
18.421125781792913,4364794.850626147
18.453787352328007,4366685.519995111
18.4864489228631,4368576.189364075
18.519110493398195,4370466.858733038
18.55177206393329,4372357.528102002
18.584433634468382,4374248.197470966
18.617095205003476,4376138.8668399295
18.64975677553857,4378029.536208893
18.682418346073664,4379920.205577857
18.715079916608758,4381810.874946821
18.747741487143852,4383701.544315784
18.780403057678946,4385592.213684748
18.81306462821404,4387482.883053712
18.845726198749134,4389373.552422675
18.878387769284227,4391264.221791639
18.91104933981932,4393154.891160603
18.943710910354415,4395045.560529566
18.97637248088951,4396936.22989853
19.009034051424603,4398826.899267494
19.041695621959697,4400717.568636457
19.07435719249479,4402608.238005421
19.107018763029885,4404498.907374385
19.13968033356498,4406389.5767433485
19.172341904100072,4408280.246112312
19.205003474635166,4410170.915481277
19.237665045170257,4412061.58485024
19.27032661570535,4413952.254219203
19.302988186240444,4415842.923588167
19.33564975677554,4417733.592957131
19.368311327310632,4419624.262326094
19.400972897845726,4421514.931695058
19.43363446838082,4423405.601064022
19.466296038915914,4425296.270432985
19.498957609451008,4427186.93980195
19.5316191799861,4429077.609170914
19.564280750521196,4430968.278539877
19.59694232105629,4432858.947908841
19.629603891591383,4434749.617277805
19.662265462126477,4436640.286646768
19.69492703266157,4438530.956015732
19.727588603196665,4440421.625384696
19.76025017373176,4442312.2947536595
19.792911744266853,4444202.964122623
19.825573314801947,4446093.633491587
19.85823488533704,4447984.302860551
19.890896455872134,4449874.972229514
19.92355802640723,4451765.641598478
19.956219596942322,4453656.310967442
19.988881167477416,4455546.980336405
20.02154273801251,4457437.649705369
20.054204308547604,4459328.319074333
20.086865879082698,4461218.988443296
20.11952744961779,4463109.65781226
20.152189020152885,4465000.327181224
20.18485059068798,4466890.9965501875
20.217512161223073,4468781.665919151
20.250173731758167,4470672.335288115
20.28283530229326,4472563.004657079
20.315496872828355,4474453.674026042
20.34815844336345,4476344.343395006
20.380820013898543,4478235.01276397
20.413481584433637,4480125.682132933
20.44614315496873,4482016.351501897
20.478804725503824,4483907.020870861
20.51146629603892,4485797.690239824
20.544127866574012,4487688.359608788
20.576789437109106,4489579.028977752
20.6094510076442,4491469.698346715
20.642112578179294,4493360.367715679
20.674774148714388,4495251.037084643
20.70743571924948,4497141.7064536065
20.740097289784575,4499032.37582257
20.77275886031967,4500923.045191534
20.805420430854763,4502813.714560498
20.838082001389857,4504704.383929461
20.87074357192495,4506595.053298425
20.903405142460045,4508485.722667389
20.936066712995135,4510376.392036352
20.96872828353023,4512267.061405316
21.001389854065323,4514157.73077428
21.034051424600417,4516048.400143243
21.06671299513551,4517939.069512207
21.099374565670605,4519829.738881171
21.1320361362057,4521720.408250134
21.164697706740792,4523611.077619098
21.197359277275886,4525501.746988062
21.23002084781098,4527392.4163570255
21.262682418346074,4529283.085725989
21.295343988881168,4531173.755094953
21.328005559416262,4533064.424463917
21.360667129951356,4534955.09383288
21.39332870048645,4536845.763201844
21.425990271021544,4538736.432570809
21.458651841556637,4540627.101939772
21.49131341209173,4542517.771308736
21.523974982626825,4544408.4406777
21.55663655316192,4546299.110046663
21.589298123697013,4548189.779415627
21.621959694232107,4550080.448784591
21.6546212647672,4551971.118153554
21.687282835302295,4553861.787522518
21.71994440583739,4555752.456891482
21.752605976372482,4557643.126260445
21.785267546907576,4559533.795629409
21.81792911744267,4561424.464998373
21.850590687977764,4563315.1343673365
21.883252258512858,4565205.8037363
21.915913829047952,4567096.473105264
21.948575399583046,4568987.142474228
21.98123697011814,4570877.811843191
22.013898540653233,4572768.481212155
22.046560111188327,4574659.150581119
22.07922168172342,4576549.819950082
22.111883252258515,4578440.489319046
22.14454482279361,4580331.15868801
22.177206393328703,4582221.828056973
22.209867963863797,4584112.497425937
22.24252953439889,4586003.166794901
22.275191104933985,4587893.8361638645
22.30785267546908,4589784.505532828
22.340514246004172,4591675.174901792
22.373175816539266,4593565.8442707565
22.40583738707436,4595456.51363972
22.438498957609454,4597347.183008684
22.471160528144548,4599237.8523776475
22.503822098679642,4601128.521746611
22.536483669214736,4603019.191115575
22.56914523974983,4604909.860484539
22.60180681028492,4606800.529853501
22.634468380820014,4608691.199222465
22.667129951355108,4610581.86859143
22.6997915218902,4612472.537960393
22.732453092425295,4614363.207329357
22.76511466296039,4616253.876698321
22.797776233495483,4618144.546067284
22.830437804030577,4620035.215436248
22.86309937456567,4621925.884805212
22.895760945100765,4623816.5541741755
22.92842251563586,4625707.223543139
22.961084086170953,4627597.892912103
22.993745656706047,4629488.562281067
23.02640722724114,4631379.23165003
23.059068797776234,4633269.901018994
23.091730368311328,4635160.570387958
23.124391938846422,4637051.239756921
23.157053509381516,4638941.909125885
23.18971507991661,4640832.578494849
23.222376650451704,4642723.247863812
23.255038220986798,4644613.917232776
23.28769979152189,4646504.58660174
23.320361362056985,4648395.255970703
23.35302293259208,4650285.925339667
23.385684503127173,4652176.594708631
23.418346073662267,4654067.2640775945
23.45100764419736,4655957.933446558
23.483669214732455,4657848.602815522
23.51633078526755,4659739.272184486
23.548992355802643,4661629.941553449
23.581653926337736,4663520.610922413
23.61431549687283,4665411.280291377
23.646977067407924,4667301.94966034
23.679638637943018,4669192.619029304
23.712300208478112,4671083.288398268
23.744961779013206,4672973.957767231
23.7776233495483,4674864.627136195
23.810284920083394,4676755.296505159
23.842946490618488,4678645.965874122
23.87560806115358,4680536.635243086
23.908269631688675,4682427.30461205
23.94093120222377,4684317.9739810135
23.973592772758863,4686208.643349977
24.006254343293957,4688099.312718941
24.03891591382905,4689989.982087905
24.071577484364145,4691880.651456868
24.10423905489924,4693771.320825832
24.136900625434333,4695661.990194796
24.169562195969426,4697552.659563759
24.20222376650452,4699443.328932723
24.234885337039614,4701333.998301687
24.267546907574705,4703224.66767065
24.3002084781098,4705115.337039614
24.332870048644892,4707006.006408578
24.365531619179986,4708896.6757775415
24.39819318971508,4710787.345146505
24.430854760250174,4712678.014515469
24.463516330785268,4714568.683884433
24.49617790132036,4716459.353253396
24.528839471855456,4718350.02262236
24.56150104239055,4720240.691991324
24.594162612925643,4722131.361360288
24.626824183460737,4724022.030729252
24.65948575399583,4725912.700098216
24.692147324530925,4727803.369467179
24.72480889506602,4729694.038836143
24.757470465601113,4731584.708205107
24.790132036136207,4733475.37757407
24.8227936066713,4735366.046943034
24.855455177206395,4737256.716311998
24.88811674774149,4739147.385680961
24.920778318276582,4741038.055049925
24.953439888811676,4742928.724418889
24.98610145934677,4744819.3937878525
25.018763029881864,4746710.063156816
25.051424600416958,4748600.73252578
25.08408617095205,4750491.401894744
25.116747741487146,4752382.071263707
25.14940931202224,4754272.740632671
25.182070882557333,4756163.410001635
25.214732453092427,4758054.079370598
25.24739402362752,4759944.748739562
25.280055594162615,4761835.418108526
25.31271716469771,4763726.087477489
25.345378735232803,4765616.756846453
25.378040305767897,4767507.426215417
25.41070187630299,4769398.09558438
25.443363446838084,4771288.764953344
25.47602501737318,4773179.434322308
25.508686587908272,4775070.1036912715
25.541348158443366,4776960.773060236
25.57400972897846,4778851.4424292
25.606671299513554,4780742.1117981635
25.639332870048648,4782632.781167127
25.67199444058374,4784523.450536091
25.704656011118836,4786414.119905055
25.73731758165393,4788304.789274018
25.769979152189023,4790195.458642982
25.802640722724117,4792086.128011946
25.83530229325921,4793976.797380909
25.867963863794305,4795867.466749873
25.9006254343294,4797758.136118837
25.93328700486449,4799648.8054878
25.965948575399583,4801539.474856764
25.998610145934677,4803430.144225728
26.03127171646977,4805320.813594691
26.063933287004865,4807211.482963655
26.09659485753996,4809102.152332619
26.129256428075053,4810992.8217015825
26.161917998610146,4812883.491070546
26.19457956914524,4814774.16043951
26.227241139680334,4816664.829808474
26.259902710215428,4818555.499177437
26.292564280750522,4820446.168546401
26.325225851285616,4822336.837915365
26.35788742182071,4824227.507284328
26.390548992355804,4826118.176653292
26.423210562890898,4828008.846022256
26.45587213342599,4829899.515391219
26.488533703961085,4831790.184760183
26.52119527449618,4833680.854129147
26.553856845031273,4835571.5234981105
26.586518415566367,4837462.192867074
26.61917998610146,4839352.862236038
26.651841556636555,4841243.531605002
26.68450312717165,4843134.200973965
26.717164697706743,4845024.870342929
26.749826268241836,4846915.539711893
26.78248783877693,4848806.209080856
26.815149409312024,4850696.87844982
26.847810979847118,4852587.547818784
26.880472550382212,4854478.217187747
26.913134120917306,4856368.886556711
26.9457956914524,4858259.555925675
26.978457261987494,4860150.225294638
27.011118832522587,4862040.894663602
27.04378040305768,4863931.564032566
27.076441973592775,4865822.2334015295
27.10910354412787,4867712.902770493
27.141765114662963,4869603.572139457
27.174426685198057,4871494.241508421
27.20708825573315,4873384.910877384
27.239749826268245,4875275.580246348
27.27241139680334,4877166.249615312
27.305072967338432,4879056.918984275
27.337734537873526,4880947.588353239
27.37039610840862,4882838.257722203
27.403057678943714,4884728.927091166
27.435719249478808,4886619.59646013
27.468380820013902,4888510.265829095
27.501042390548996,4890400.935198058
27.53370396108409,4892291.604567022
27.566365531619184,4894182.273935986
27.599027102154274,4896072.9433049485
27.631688672689368,4897963.612673912
27.66435024322446,4899854.282042876
27.697011813759556,4901744.95141184
27.72967338429465,4903635.620780803
27.762334954829743,4905526.290149768
27.794996525364837,4907416.959518732
27.82765809589993,4909307.628887695
27.860319666435025,4911198.298256659
27.89298123697012,4913088.967625623
27.925642807505213,4914979.636994586
27.958304378040307,4916870.30636355
27.9909659485754,4918760.975732514
28.023627519110494,4920651.645101477
28.05628908964559,4922542.314470441
28.088950660180682,4924432.983839405
28.121612230715776,4926323.653208368
28.15427380125087,4928214.322577332
28.186935371785964,4930104.991946296
28.219596942321058,4931995.6613152595
28.25225851285615,4933886.330684223
28.284920083391246,4935777.000053187
28.31758165392634,4937667.669422151
28.350243224461433,4939558.338791114
28.382904794996527,4941449.008160078
28.41556636553162,4943339.677529042
28.448227936066715,4945230.346898005
28.48088950660181,4947121.016266969
28.513551077136903,4949011.685635933
28.546212647671997,4950902.355004896
28.57887421820709,4952793.02437386
28.611535788742184,4954683.693742824
28.64419735927728,4956574.3631117875
28.676858929812372,4958465.032480751
28.709520500347466,4960355.701849716
28.74218207088256,4962246.3712186795
28.774843641417654,4964137.040587643
28.807505211952748,4966027.709956607
28.84016678248784,4967918.379325571
28.872828353022935,4969809.048694534
28.90548992355803,4971699.718063498
28.938151494093123,4973590.387432462
28.970813064628217,4975481.056801425
29.00347463516331,4977371.726170389
29.036136205698405,4979262.395539353
29.0687977762335,4981153.064908316
29.101459346768593,4983043.73427728
29.134120917303687,4984934.403646244
29.16678248783878,4986825.073015207
29.199444058373874,4988715.742384171
29.23210562890897,4990606.411753135
29.26476719944406,4992497.0811220985
29.297428769979152,4994387.750491062
29.330090340514246,4996278.419860026
29.36275191104934,4998169.08922899
29.395413481584434,5000059.758597953
29.428075052119528,5001950.427966917
29.460736622654622,5003841.097335881
29.493398193189716,5005731.766704844
29.52605976372481,5007622.436073808
29.558721334259904,5009513.105442772
29.591382904794997,5011403.774811735
29.62404447533009,5013294.444180699
29.656706045865185,5015185.113549663
29.68936761640028,5017075.782918626
29.722029186935373,5018966.45228759
29.754690757470467,5020857.121656554
29.78735232800556,5022747.7910255175
29.820013898540655,5024638.460394481
29.85267546907575,5026529.129763445
29.885337039610842,5028419.799132409
29.917998610145936,5030310.468501372
29.95066018068103,5032201.137870336
29.983321751216124,5034091.8072393
30.015983321751218,5035982.476608263
30.048644892286312,5037873.145977227
30.081306462821406,5039763.815346191
30.1139680333565,5041654.484715154
30.146629603891594,5043545.154084118
30.179291174426687,5045435.823453082
30.21195274496178,5047326.492822045
30.244614315496875,5049217.162191009
30.27727588603197,5051107.831559973
30.309937456567063,5052998.5009289365
30.342599027102157,5054889.1702979
30.37526059763725,5056779.839666864
30.407922168172345,5058670.509035828
30.44058373870744,5060561.178404791
30.473245309242532,5062451.847773755
30.505906879777626,5064342.517142719
30.53856845031272,5066233.186511682
30.571230020847814,5068123.855880646
30.603891591382908,5070014.52524961
30.636553161918002,5071905.194618574
30.669214732453096,5073795.863987538
30.70187630298819,5075686.533356502
30.734537873523283,5077577.202725465
30.767199444058377,5079467.872094429
30.79986101459347,5081358.541463393
30.832522585128565,5083249.2108323565
30.86518415566366,5085139.88020132
30.897845726198753,5087030.549570284
30.930507296733847,5088921.218939248
30.963168867268937,5090811.888308211
30.99583043780403,5092702.557677175
31.028492008339125,5094593.227046139
31.06115357887422,5096483.896415102
31.093815149409313,5098374.565784066
31.126476719944407,5100265.23515303
31.1591382904795,5102155.904521993
31.191799861014594,5104046.573890957
31.22446143154969,5105937.243259921
31.257123002084782,5107827.912628884
31.289784572619876,5109718.581997848
31.32244614315497,5111609.251366812
31.355107713690064,5113499.9207357755
31.387769284225158,5115390.590104739
31.42043085476025,5117281.259473703
31.453092425295345,5119171.928842667
31.48575399583044,5121062.59821163
31.518415566365533,5122953.267580594
31.551077136900627,5124843.936949558
31.58373870743572,5126734.606318521
31.616400277970815,5128625.275687485
31.64906184850591,5130515.945056449
31.681723419041003,5132406.614425412
31.714384989576097,5134297.283794376
31.74704656011119,5136187.95316334
31.779708130646284,5138078.622532303
31.812369701181378,5139969.291901267
31.845031271716472,5141859.961270231
31.877692842251566,5143750.630639195
31.91035441278666,5145641.300008159
31.943015983321754,5147531.969377123
31.975677553856848,5149422.6387460865
32.00833912439194,5151313.308115049
32.041000694927035,5153203.977484014
32.073662265462126,5155094.646852977
32.10632383599722,5156985.316221941
32.13898540653231,5158875.985590904
32.17164697706741,5160766.654959869
32.2043085476025,5162657.324328832
32.2369701181376,5164547.993697796
32.26963168867269,5166438.66306676
32.30229325920779,5168329.332435723
32.33495482974288,5170220.001804687
32.367616400277974,5172110.671173651
32.400277970813065,5174001.340542614
32.43293954134816,5175892.009911578
32.46560111188325,5177782.679280542
32.49826268241835,5179673.3486495055
32.53092425295344,5181564.018018469
32.56358582348854,5183454.687387433
32.59624739402363,5185345.356756397
32.628908964558725,5187236.02612536
32.661570535093816,5189126.695494324
32.69423210562891,5191017.364863288
32.726893676164,5192908.034232251
32.7595552466991,5194798.703601215
32.79221681723419,5196689.372970179
32.82487838776929,5198580.042339142
32.85753995830438,5200470.711708106
32.89020152883948,5202361.38107707
32.92286309937457,5204252.0504460335
32.955524669909664,5206142.719814997
32.988186240444755,5208033.389183961
33.02084781097985,5209924.058552925
33.05350938151494,5211814.727921888
33.08617095205004,5213705.397290852
33.11883252258513,5215596.066659816
33.15149409312023,5217486.736028779
33.18415566365532,5219377.405397743
33.216817234190415,5221268.074766707
33.249478804725506,5223158.74413567
33.2821403752606,5225049.413504634
33.31480194579569,5226940.082873598
33.34746351633079,5228830.752242561
33.38012508686588,5230721.421611525
33.41278665740098,5232612.090980489
33.44544822793607,5234502.7603494525
33.47810979847116,5236393.429718416
33.51077136900626,5238284.09908738
33.54343293954135,5240174.768456344
33.576094510076445,5242065.437825307
33.608756080611535,5243956.107194271
33.64141765114663,5245846.776563235
33.67407922168172,5247737.445932198
33.70674079221682,5249628.115301162
33.73940236275191,5251518.784670126
33.77206393328701,5253409.454039089
33.8047255038221,5255300.123408053
33.837387074357196,5257190.792777018
33.870048644892286,5259081.46214598
33.90271021542738,5260972.131514945
33.935371785962474,5262862.800883908
33.96803335649757,5264753.470252872
34.00069492703266,5266644.139621835
34.03335649756776,5268534.8089908
34.06601806810285,5270425.478359763
34.09867963863795,5272316.147728727
34.13134120917304,5274206.817097691
34.164002779708134,5276097.486466655
34.196664350243225,5277988.155835618
34.22932592077832,5279878.825204582
34.26198749131341,5281769.494573546
34.29464906184851,5283660.163942509
34.3273106323836,5285550.833311473
34.3599722029187,5287441.502680437
34.39263377345379,5289332.1720494
34.425295343988886,5291222.841418364
34.457956914523976,5293113.510787328
34.49061848505907,5295004.180156291
34.523280055594164,5296894.849525255
34.55594162612926,5298785.518894219
34.58860319666435,5300676.1882631825
34.62126476719945,5302566.857632146
34.65392633773454,5304457.52700111
34.68658790826964,5306348.196370074
34.71924947880473,5308238.865739037
34.751911049339824,5310129.535108001
34.784572619874915,5312020.204476965
34.81723419041001,5313910.873845929
34.8498957609451,5315801.543214892
34.8825573314802,5317692.212583857
34.91521890201529,5319582.881952819
34.94788047255039,5321473.551321784
34.98054204308548,5323364.220690747
35.013203613620576,5325254.890059711
35.045865184155666,5327145.559428675
35.07852675469076,5329036.228797639
35.111188325225854,5330926.8981666025
35.143849895760944,5332817.567535565
35.17651146629604,5334708.23690453
35.20917303683113,5336598.906273493
35.24183460736623,5338489.575642457
35.27449617790132,5340380.24501142
35.30715774843642,5342270.914380385
35.33981931897151,5344161.583749348
35.372480889506605,5346052.253118312
35.405142460041695,5347942.922487276
35.43780403057679,5349833.591856239
35.47046560111188,5351724.261225203
35.50312717164698,5353614.930594167
35.53578874218207,5355505.59996313
35.56845031271717,5357396.269332094
35.60111188325226,5359286.938701058
35.633773453787356,5361177.6080700215
35.666435024322446,5363068.277438985
35.699096594857544,5364958.946807949
35.731758165392634,5366849.616176913
35.76441973592773,5368740.285545876
35.79708130646282,5370630.95491484
35.82974287699792,5372521.624283804
35.86240444753301,5374412.293652767
35.89506601806811,5376302.963021731
35.9277275886032,5378193.632390695
35.960389159138295,5380084.301759658
35.993050729673385,5381974.971128622
36.02571230020848,5383865.640497586
36.05837387074357,5385756.309866549
36.09103544127867,5387646.979235513
36.12369701181376,5389537.648604477
36.15635858234886,5391428.3179734405
36.18902015288395,5393318.987342404
36.221681723419046,5395209.656711368
36.254343293954136,5397100.326080332
36.287004864489234,5398990.995449295
36.319666435024324,5400881.664818259
36.35232800555942,5402772.334187223
36.38498957609451,5404663.003556186
36.41765114662961,5406553.67292515
36.4503127171647,5408444.342294114
36.4829742876998,5410335.011663077
36.51563585823489,5412225.681032041
36.548297428769985,5414116.350401005
36.580958999305075,5416007.019769968
36.61362056984017,5417897.689138932
36.64628214037526,5419788.358507896
36.67894371091036,5421679.0278768595
36.71160528144545,5423569.697245823
36.74426685198055,5425460.366614787
36.77692842251564,5427351.035983751
36.80958999305073,5429241.705352714
36.842251563585826,5431132.374721678
36.874913134120916,5433023.044090642
36.907574704656014,5434913.713459605
36.940236275191104,5436804.382828569
36.9728978457262,5438695.052197533
37.00555941626129,5440585.721566496
37.03822098679639,5442476.39093546
37.07088255733148,5444367.060304424
37.10354412786658,5446257.7296733875
37.13620569840167,5448148.399042351
37.168867268936765,5450039.068411316
37.201528839471855,5451929.737780279
37.23419041000695,5453820.407149243
37.26685198054204,5455711.076518206
37.29951355107714,5457601.745887171
37.33217512161223,5459492.415256133
37.36483669214733,5461383.084625098
37.39749826268242,5463273.753994062
37.430159833217516,5465164.423363025
37.462821403752606,5467055.092731989
37.495482974287704,5468945.762100953
37.528144544822794,5470836.431469916
37.56080611535789,5472727.10083888
37.59346768589298,5474617.770207844
37.62612925642808,5476508.439576807
37.65879082696317,5478399.108945771
37.69145239749827,5480289.778314735
37.72411396803336,5482180.4476836985
37.756775538568455,5484071.117052662
37.789437109103545,5485961.786421626
37.82209867963864,5487852.4557905905
37.85476025017373,5489743.125159553
37.88742182070883,5491633.794528518
37.92008339124392,5493524.463897481
37.95274496177902,5495415.133266445
37.98540653231411,5497305.802635408
38.018068102849206,5499196.472004373
38.050729673384296,5501087.141373336
38.083391243919394,5502977.8107423
38.116052814454484,5504868.480111264
38.14871438498958,5506759.149480227
38.18137595552467,5508649.818849191
38.21403752605977,5510540.488218155
38.24669909659486,5512431.157587118
38.27936066712996,5514321.826956082
38.31202223766505,5516212.496325046
38.344683808200145,5518103.1656940095
38.377345378735235,5519993.835062973
38.41000694927033,5521884.504431937
38.44266851980542,5523775.173800901
38.47533009034051,5525665.843169864
38.50799166087561,5527556.512538828
38.5406532314107,5529447.181907792
38.5733148019458,5531337.851276755
38.60597637248089,5533228.520645719
38.638637943015986,5535119.190014683
38.67129951355108,5537009.859383646
38.703961084086174,5538900.52875261
38.736622654621264,5540791.198121574
38.76928422515636,5542681.867490537
38.80194579569145,5544572.536859501
38.83460736622655,5546463.206228465
38.86726893676164,5548353.8755974285
38.89993050729674,5550244.544966392
38.93259207783183,5552135.214335356
38.965253648366925,5554025.88370432
38.997915218902016,5555916.553073283
39.03057678943711,5557807.222442247
39.0632383599722,5559697.891811211
39.0958999305073,5561588.561180174
39.12856150104239,5563479.230549138
39.16122307157749,5565369.899918102
39.19388464211258,5567260.569287065
39.226546212647676,5569151.238656029
39.25920778318277,5571041.908024993
39.291869353717864,5572932.5773939565
39.324530924252954,5574823.24676292
39.35719249478805,5576713.916131884
39.38985406532314,5578604.585500848
39.42251563585824,5580495.254869811
39.45517720639333,5582385.924238775
39.48783877692843,5584276.593607739
39.52050034746352,5586167.262976702
39.553161917998615,5588057.932345666
39.585823488533705,5589948.60171463
39.6184850590688,5591839.271083593
39.65114662960389,5593729.940452557
39.68380820013899,5595620.609821521
39.71646977067408,5597511.279190484
39.74913134120918,5599401.948559448
39.78179291174427,5601292.617928412
39.814454482279366,5603183.2872973755
39.84711605281446,5605073.956666339
39.879777623349554,5606964.626035303
39.912439193884644,5608855.295404267
39.94510076441974,5610745.96477323
39.97776233495483,5612636.634142194
40.01042390548993,5614527.303511159
40.04308547602502,5616417.972880121
40.07574704656012,5618308.642249086
40.10840861709521,5620199.311618049
40.1410701876303,5622089.980987012
40.173731758165395,5623980.650355976
40.206393328700486,5625871.31972494
40.23905489923558,5627761.989093903
40.27171646977067,5629652.658462867
40.30437804030577,5631543.327831832
40.33703961084086,5633433.9972007945
40.36970118137596,5635324.666569759
40.40236275191105,5637215.335938722
40.43502432244615,5639106.0053076865
40.46768589298124,5640996.674676649
40.500347463516334,5642887.344045614
40.533009034051425,5644778.013414577
40.56567060458652,5646668.682783541
40.59833217512161,5648559.352152505
40.63099374565671,5650450.021521469
40.6636553161918,5652340.690890432
40.6963168867269,5654231.360259396
40.72897845726199,5656122.02962836
40.761640027797085,5658012.698997323
40.794301598332176,5659903.368366287
40.82696316886727,5661794.037735251
40.85962473940236,5663684.7071042145
40.89228630993746,5665575.376473178
40.92494788047255,5667466.045842142
40.95760945100765,5669356.715211106
40.99027102154274,5671247.384580069
41.02293259207784,5673138.053949034
41.05559416261293,5675028.723317997
41.088255733148024,5676919.392686961
41.120917303683115,5678810.062055924
41.15357887421821,5680700.731424889
41.1862404447533,5682591.400793851
41.2189020152884,5684482.070162816
41.25156358582349,5686372.73953178
41.28422515635859,5688263.408900743
41.31688672689368,5690154.078269707
41.349548297428775,5692044.747638671
41.382209867963866,5693935.417007634
41.41487143849896,5695826.086376598
41.44753300903405,5697716.755745562
41.48019457956915,5699607.4251145255
41.51285615010424,5701498.094483489
41.54551772063934,5703388.763852453
41.57817929117443,5705279.433221417
41.61084086170953,5707170.10259038
41.64350243224462,5709060.771959344
41.676164002779714,5710951.441328308
41.708825573314805,5712842.110697271
41.7414871438499,5714732.780066235
41.77414871438499,5716623.449435199
41.80681028492009,5718514.118804162
41.83947185545518,5720404.788173126
41.87213342599027,5722295.45754209
41.90479499652537,5724186.126911053
41.93745656706046,5726076.796280017
41.970118137595556,5727967.465648981
42.002779708130646,5729858.1350179445
42.03544127866574,5731748.804386908
42.068102849200834,5733639.473755872
42.10076441973593,5735530.143124836
42.13342599027102,5737420.812493799
42.16608756080612,5739311.481862763
42.19874913134121,5741202.151231727
42.23141070187631,5743092.82060069
42.2640722724114,5744983.489969654
42.296733842946495,5746874.159338618
42.329395413481585,5748764.828707581
42.36205698401668,5750655.498076545
42.39471855455177,5752546.167445509
42.42738012508687,5754436.836814472
42.46004169562196,5756327.506183436
42.49270326615706,5758218.1755524
42.52536483669215,5760108.8449213635
42.558026407227246,5761999.514290327
42.590687977762336,5763890.183659291
42.62334954829743,5765780.853028255
42.656011118832524,5767671.522397218
42.68867268936762,5769562.191766182
42.72133425990271,5771452.861135146
42.75399583043781,5773343.530504109
42.7866574009729,5775234.199873073
42.819318971508,5777124.869242037
42.85198054204309,5779015.538611
42.884642112578184,5780906.207979964
42.917303683113275,5782796.877348928
42.94996525364837,5784687.5467178915
42.98262682418346,5786578.216086855
43.01528839471856,5788468.885455819
43.04794996525365,5790359.554824783
43.08061153578875,5792250.224193746
43.11327310632384,5794140.89356271
43.145934676858936,5796031.562931674
43.178596247394026,5797922.232300637
43.21125781792912,5799812.901669602
43.243919388464214,5801703.571038565
43.27658095899931,5803594.240407529
43.3092425295344,5805484.909776492
43.3419041000695,5807375.579145457
43.37456567060459,5809266.248514419
43.40722724113969,5811156.917883384
43.43988881167478,5813047.587252347
43.472550382209874,5814938.256621311
43.505211952744965,5816828.925990275
43.537873523280055,5818719.595359238
43.57053509381515,5820610.2647282025
43.60319666435024,5822500.934097165
43.63585823488534,5824391.60346613
43.66851980542043,5826282.272835093
43.70118137595553,5828172.942204057
43.73384294649062,5830063.611573021
43.766504517025716,5831954.280941985
43.799166087560806,5833844.950310948
43.831827658095904,5835735.619679912
43.864489228630994,5837626.289048876
43.89715079916609,5839516.958417839
43.92981236970118,5841407.627786803
43.96247394023628,5843298.297155767
43.99513551077137,5845188.96652473
44.02779708130647,5847079.635893694
44.06045865184156,5848970.305262658
44.093120222376655,5850860.9746316215
44.125781792911745,5852751.644000585
44.15844336344684,5854642.31336955
44.19110493398193,5856532.982738513
44.22376650451703,5858423.652107477
44.25642807505212,5860314.32147644
44.28908964558722,5862204.990845405
44.32175121612231,5864095.660214367
44.354412786657406,5865986.329583332
44.387074357192496,5867876.998952296
44.419735927727594,5869767.668321259
44.452397498262684,5871658.337690223
44.48505906879778,5873549.007059187
44.51772063933287,5875439.67642815
44.55038220986797,5877330.345797114
44.58304378040306,5879221.015166078
44.61570535093816,5881111.684535041
44.64836692147325,5883002.353904005
44.681028492008345,5884893.023272969
44.713690062543435,5886783.6926419325
44.74635163307853,5888674.362010896
44.77901320361362,5890565.03137986
44.81167477414872,5892455.700748824
44.84433634468381,5894346.370117787
44.87699791521891,5896237.039486751
44.909659485754,5898127.708855715
44.942321056289096,5900018.378224678
44.974982626824186,5901909.047593642
45.007644197359284,5903799.716962606
45.040305767894374,5905690.386331569
45.07296733842947,5907581.055700533
45.10562890896456,5909471.725069497
45.13829047949966,5911362.3944384605
45.17095205003475,5913253.063807424
45.20361362056984,5915143.733176388
45.23627519110494,5917034.402545352
45.26893676164003,5918925.071914315
45.301598332175125,5920815.741283279
45.334259902710215,5922706.410652243
45.36692147324531,5924597.080021206
45.3995830437804,5926487.74939017
45.4322446143155,5928378.418759134
45.46490618485059,5930269.088128097
45.49756775538569,5932159.757497061
45.53022932592078,5934050.426866025
45.562890896455876,5935941.096234988
45.595552466990966,5937831.765603952
45.628214037526064,5939722.434972916
45.660875608061154,5941613.1043418795
45.69353717859625,5943503.773710843
45.72619874913134,5945394.443079807
45.75886031966644,5947285.112448771
45.79152189020153,5949175.781817734
45.82418346073663,5951066.451186698
45.85684503127172,5952957.120555662
45.889506601806815,5954847.789924625
45.922168172341905,5956738.459293589
45.954829742877,5958629.128662553
45.98749131341209,5960519.798031516
46.02015288394719,5962410.46740048
46.05281445448228,5964301.136769444
46.08547602501738,5966191.806138407
46.11813759555247,5968082.475507371
46.150799166087566,5969973.144876335
46.183460736622656,5971863.8142452985
46.216122307157754,5973754.483614262
46.248783877692844,5975645.152983226
46.28144544822794,5977535.82235219
46.31410701876303,5979426.491721153
46.34676858929813,5981317.161090118
46.37943015983322,5983207.830459081
46.41209173036832,5985098.499828045
46.44475330090341,5986989.169197008
46.477414871438505,5988879.838565973
46.510076441973595,5990770.507934935
46.54273801250869,5992661.1773039
46.57539958304378,5994551.846672863
46.60806115357888,5996442.516041827
46.64072272411397,5998333.185410791
46.67338429464907,6000223.854779755
46.70604586518416,6002114.524148718
46.738707435719256,6004005.193517682
46.771369006254346,6005895.862886646
46.804030576789444,6007786.5322556095
46.836692147324534,6009677.201624573
46.869353717859624,6011567.870993536
46.90201528839472,6013458.540362501
46.93467685892981,6015349.209731464
46.96733842946491,6017239.879100428
47.0,6019130.548469392
